{
  "glucose_mean": 8.97546938828611,
  "glucose_std": 3.6957917444637176
}